PostID,Title,AuthorName,DateTime,RedditLink,OtherLink,NumberComments,NumberCrossPosts,LinkToComments,UserID,AuthorName
1,In-Season Rules and FAQ,morethandork,10/18/2023 8:06,https://www.reddit.com/r/nbadiscussion/comments/17azzy6/inseason_rules_and_faq/,https://www.reddit.com/r/NBATalk,5,0,NULL,1,morethandork
2,"Weekly Questions Thread: November 20, 2023",AutoModerator,11/20/2023 12:00,https://www.reddit.com/r/nbadiscussion/comments/17zmyn5/weekly_questions_thread_november_20_2023/,https://www.reddit.com/r/nbadiscussion/wiki/rules#wiki_submission_rules,1,0,NULL,2,AutoModerator
3,Did the Lakers make a mistake with letting Lonnie Walker go?,stomach-bug,11/22/2023 2:26,https://www.reddit.com/r/nbadiscussion/comments/180yiis/did_the_lakers_make_a_mistake_with_letting_lonnie/,NULL,0,0,NULL,3,stomach-bug
4,Clippers should look to try to acquire Capela from Atlanta,xxStayFly81xx,11/21/2023 6:43,https://www.reddit.com/r/nbadiscussion/comments/180o2xz/clippers_should_look_to_try_to_acquire_capela/,NULL,32,0,NULL,4,xxStayFly81xx
5,"Do the warriors actually have assets to make a trade for Lavine, Markannen or other stars?",FancyPrint7365,11/20/2023 8:09,https://www.reddit.com/r/nbadiscussion/comments/17zxmwa/do_the_warriors_actually_have_assets_to_make_a/,NULL,156,0,NULL,5,FancyPrint7365
6,The Spurs need to start Tre Jones.,eanregguht,11/20/2023 8:12,https://www.reddit.com/r/nbadiscussion/comments/17zxpgq/the_spurs_need_to_start_tre_jones/,NULL,72,0,NULL,6,eanregguht
7,Proving that Draymond Green gets ejected MORE OFTEN when Steph Curry is not playing (using simulation):,Cmahones03,11/20/2023 9:01,https://www.reddit.com/r/nbadiscussion/comments/17zkc8o/proving_that_draymond_green_gets_ejected_more/,https://imgur.com/CDHepy7,38,0,NULL,7,Cmahones03
8,LeBron James' unbreakable record VS the indisputable GOAT,daddybronny,11/19/2023 8:10,https://www.reddit.com/r/nbadiscussion/comments/17z5pqp/lebron_james_unbreakable_record_vs_the/,NULL,259,0,NULL,8,daddybronny
9,Would single-elimination games in the NBA-Playoffs make the NBA more popular?,Beautiful_Ad55,11/21/2023 2:00,https://www.reddit.com/r/nbadiscussion/comments/180hnb3/would_singleelimination_games_in_the_nbaplayoffs/,NULL,97,0,NULL,9,Beautiful_Ad55
10,If Kobe and CP3 had paired up in 2012 and had a strong supporting cast that was suited for them would they have won a championship?,KnicksNBAchamps2021,11/19/2023 10:20,https://www.reddit.com/r/nbadiscussion/comments/17z8png/if_kobe_and_cp3_had_paired_up_in_2012_and_had_a/,NULL,75,0,NULL,10,KnicksNBAchamps2021
